title,time_stamp,subreddit
Replay but not respond,2023-04-19 23:10:46,ask_men
"Would you rather be sexually assaulted, or falsely accused of sexually assaulting someone else?",2023-04-19 23:07:17,ask_men
Deleted Instagram to avoid seeing women,2023-04-19 23:03:58,ask_men
If women get periods why don't men get commas?,2023-04-19 23:01:48,ask_men
What characters can you identify by their masks; like Zorro?,2023-04-19 22:59:52,ask_men
Yo what‚Äôs popping y‚Äôall who‚Äôs still up,2023-04-19 22:57:43,ask_men
What do you think is the biggest difference between man and woman thoughts process ?,2023-04-19 22:54:29,ask_men
"What are some tips you know that reveal if a girl you‚Äôre dating is lying to you, why?",2023-04-19 22:51:06,ask_men
Why are there no posts in here,2023-04-19 22:49:07,ask_men
When was the last time you admitted to being wrong and changed your mind about anything?,2023-04-19 22:40:42,ask_men
What can I do from now on to feel more fulfilled?,2023-04-19 22:39:20,ask_men
Whats it supposed to feel like when fingering a girl?...,2023-04-19 22:32:28,ask_men
My lady said I have a lot of ‚Äúfeminine energy‚Äù,2023-04-19 22:32:05,ask_men
Fast texter,2023-04-19 22:30:39,ask_men
What‚Äôs something you‚Äôve said to her at the end of the first date that guaranteed the second?,2023-04-19 22:26:26,ask_men
Been stood up and now she apologised. What‚Äôs now?,2023-04-19 22:19:35,ask_men
"Men, why do guys not look after themselves?",2023-04-19 22:18:59,ask_men
"Men, why is male hygiene mocked?",2023-04-19 22:17:20,ask_men
Is it weird if I say I love you first?,2023-04-19 22:10:22,ask_men
How to make the first move?,2023-04-19 21:38:09,ask_men
Should men who are suffering from mental illnesses stay away from relationships?,2023-04-19 21:32:39,ask_men
"Men of Reddit: who would you rather date, a woman who is 20lbs overweight or a woman who is 20lbs underweight?",2023-04-19 21:32:27,ask_men
"Pleas tell me i am not the only one smelling the sports jersey after working out, to see if it was a good workout.",2023-04-19 21:20:21,ask_men
been on bumble for a yr now and still got zero likes! any advice to get some matches,2023-04-19 21:19:32,ask_men
What‚Äôs the one thing your SO has asked you to do to her during sex that took you by surprise ?,2023-04-19 21:17:10,ask_men
i(21M) feel super low.. been on dating app still got 3likes in 3yrs of being there. currently having a gf (model) i think i don't look good enough with her.,2023-04-19 21:16:12,ask_men
Did u ever have a ‚Äútoxic era‚Äù?,2023-04-19 21:15:50,ask_men
"Men, how would you take it if a woman (who you are into) says that she is super into you and attracted to you, but puts you in the friendzone for the time being because she recently got out of a 7 year relationship?",2023-04-19 21:15:41,ask_men
How did you put together a DnD group as an adult?,2023-04-19 21:12:51,ask_men
Best briefs that don‚Äôt crush your balls?,2023-04-19 21:10:32,ask_men
Reuniting after a long separation,2023-04-19 21:04:25,ask_men
"Men of Reddit, did your partner's vagina feel different after giving birth?",2023-04-19 20:53:49,ask_men
What is taxed but shouldn‚Äôt be and what isn‚Äôt taxed but should be?,2023-04-19 20:48:55,ask_men
If you had the financial freedom would you be a sugar daddy?,2023-04-19 20:44:31,ask_men
Is it weird to have your mom/girlfriend/wife call and make your appointments for you?,2023-04-19 20:42:31,ask_men
Everybody says women ignore good nice type men but what about many men who disdain good nice girls?,2023-04-19 20:37:48,ask_men
"False accusations seem to be a really significant concern for a lot of men. Why are men scared of false rape accusations, but not any other type of false accusation, or false accusations from men or boys. (Eg larceny, burglary, physical assault, murder, diddling, etc)",2023-04-19 20:36:26,ask_men
Everybody says women ignore good nice type boys but what many men disdain good nice girls?,2023-04-19 20:33:50,ask_men
How the hell do you get a positive mindset?,2023-04-19 20:21:52,ask_men
Do you care?,2023-04-19 20:20:32,ask_men
What do you do when a girl is going?,2023-04-19 20:17:34,ask_men
"(How) Do you have ""healthy"" conversations about sex with your male friends?",2023-04-19 20:14:01,ask_men
Pants that fit nicely . Hello men and men lol.,2023-04-19 20:13:36,ask_men
"Men of reddit, would you ever have a threesome with your s/o why or why not?",2023-04-19 20:01:56,ask_men
Do yall moisturize your sack?,2023-04-19 19:55:52,ask_men
"Men who do casual hookups with dating app strangers, any tips?",2023-04-19 19:55:29,ask_men
Men of Reddit Who Choose the Middle Urinal: Why?,2023-04-19 19:44:29,ask_men
What underwear would you recommend to someone who is looking to stop free balling it?,2023-04-19 19:39:57,ask_men
I'm Starting A Bar. Any Experience Bar Owners In Here?,2023-04-19 19:30:01,ask_men
"Why do I look so young, and why am I stuck like that?",2023-04-19 19:27:07,ask_men
"Married men, how would you react if another woman confess they are attracted to you?",2023-04-19 19:13:48,ask_men
What do I do with the razor I use to shave my balls?,2023-04-19 19:09:17,ask_men
What should I do to prevent pollen allergy?,2023-04-19 19:08:20,ask_men
i need to learn to trust. for myself and everyone else.,2023-04-19 19:01:57,ask_men
What does eating the vajayjay feel/taste like? What to expect when doing it for the first time?,2023-04-19 18:57:08,ask_men
"Men of Reddit, would a partner having a tummy tuck scar lessen your attraction to them? Why or why not?",2023-04-19 18:46:11,ask_men
"Men of Reddit, would a partner having a tummy tuck scar lessen your attraction to them? Why or why not?",2023-04-19 18:44:53,ask_men
How did your partner to agree to involve another person in the bedroom?,2023-04-19 18:34:27,ask_men
Why are so many men against marriage?,2023-04-19 18:33:02,ask_men
How did you convince your doctor to give you the ‚Äúsnip-snip‚Äù?,2023-04-19 18:31:46,ask_men
"Men, what are yall's opinions on home births?",2023-04-19 18:22:33,ask_men
Is the surprise of lingerie not as appealing if it‚Äôs not a new outfit?,2023-04-19 18:16:29,ask_men
Does anyone else freakin HATE boxer briefs?,2023-04-19 18:16:18,ask_men
"Fellas, do you take nudes of yourself? As like progress pictures? Cause your feeling yourself etc? I know a lot of my girlfriends do and curiosity got me.",2023-04-19 18:14:50,ask_men
How Do you get more dominant in bed?,2023-04-19 18:14:42,ask_men
Dies Perfume Have the Same Effect on Men and Cologne Does on Women,2023-04-19 18:10:20,ask_men
How to love myself M21,2023-04-19 18:09:40,ask_men
How to love myself M21,2023-04-19 18:09:30,ask_men
How to regain his trust. I (23f) lied and withheld info from my bf (22M) and lost a bit of his trust. What can I do? I love him very much.,2023-04-19 18:05:04,ask_men
How do I get my life back on track,2023-04-19 18:04:20,ask_men
"When you were in college (18 to 21 years old, let‚Äôs say), what was your opinion on women?",2023-04-19 17:46:09,ask_men
Men,2023-04-19 17:36:13,ask_men
Man got up on the train and never came back after an hour,2023-04-19 17:34:58,ask_men
Are there any adult-oriented mentorship programs in the US?,2023-04-19 17:29:20,ask_men
Attractive boss?,2023-04-19 17:28:25,ask_men
Advice for birthday celebration?,2023-04-19 17:10:48,ask_men
Tell me your bounce back stories,2023-04-19 17:10:01,ask_men
Approaching a guy.,2023-04-19 17:08:36,ask_men
BUTT PLUG,2023-04-19 17:07:26,ask_men
Ways to show my man appreciation?,2023-04-19 17:05:32,ask_men
What is the strangest place you have located one of your partner‚Äôs stray hairs?,2023-04-19 16:44:25,ask_men
What would you do if your bestfriend went out of their way to hurt your S/O?,2023-04-19 16:30:08,ask_men
What skills have you worked on and are proud of for making progress?,2023-04-19 16:24:41,ask_men
What do you call people who accuse you of stuff they're doing to take the light off them?,2023-04-19 16:23:58,ask_men
"If you could switch two movie characters, what switch would lead to the most inappropriate movies?",2023-04-19 16:23:16,ask_men
How's Dating Going For You?,2023-04-19 16:20:22,ask_men
Ending a relationship,2023-04-19 16:15:55,ask_men
2 months since first breakup and feeling extremely guilty still,2023-04-19 16:14:18,ask_men
Finishing line!,2023-04-19 16:14:04,ask_men
How can a men get fair results from a divorce ?,2023-04-19 16:11:33,ask_men
"Men of Reddit, do you get excited the night before a scheduled sex with a fuck buddy?",2023-04-19 16:10:41,ask_men
How to find guys,2023-04-19 16:07:08,ask_men
At what point do you start packing for a holiday abroad?,2023-04-19 16:04:11,ask_men
How to deal with my partner's low libido?,2023-04-19 16:00:55,ask_men
"Men of reddit, would you use a friend making app that helps you make new friends based on common interests?",2023-04-19 15:54:01,ask_men
How do I cope/deal with my girlfriend's sexual past?,2023-04-19 15:53:33,ask_men
How do I cope/deal with my girlfriend's sexual past,2023-04-19 15:45:41,ask_men
Why is it easier for men to flirt with women that aren‚Äôt conventionally attractive?,2023-04-19 15:44:16,ask_men
Fuckbuddy wants me to be lose weight/be pretty for him.,2023-04-19 15:23:21,ask_men
"In the beginning stages, what is your dating style?",2023-04-19 15:07:37,ask_men
"Men, why do some men lie about who you are and what you want in a relationship just to waste others time?",2023-04-19 15:06:58,ask_men
"Gents, how many underwear pieces you take with you in a seven days vacation, and why?",2023-04-19 15:03:28,ask_men
How would you react if your partner spat in your face during an argument?,2023-04-19 15:01:21,ask_men
How would you react if your partner spat in your face during an arguement?,2023-04-19 15:00:05,ask_men
How do you guys deal with anger / annoyance towards women,2023-04-19 14:55:12,ask_men
"Men who had obsessive thoughts about wanting to be a girl, how you delt with that? How you forgot all those thoughts?",2023-04-19 14:51:26,ask_men
looking for recommendations for good workout shorts,2023-04-19 14:49:57,ask_men
"Is it weird or surprisingly normal to have a lactation fetish? Does anyone else have this, if so how did it start?",2023-04-19 14:40:00,ask_men
"if your dick was a rapper, which name would it had?",2023-04-19 14:23:24,ask_men
"Men of reddit, if a woman needs more time to become exclusive, how can she reassure her partner of her feelings for him?",2023-04-19 14:12:51,ask_men
Do i have testicular torsion?,2023-04-19 14:11:43,ask_men
"Men of reddit, what would be something that would be a no no from the opposite sex?",2023-04-19 14:07:16,ask_men
"Men with crazy polyamory, how do you maintain a normal relationship?",2023-04-19 13:48:42,ask_men
What‚Äôs something society labels as ‚Äúunmanly‚Äù that you actually enjoy a lot?,2023-04-19 13:37:29,ask_men
Could my (32f) boyfriend be lying about his health status and why is he ignoring me now?,2023-04-19 13:30:12,ask_men
"Hey guys, what's your favorite brand for long lasting sneakers/trainers?",2023-04-19 13:28:20,ask_men
How to give support to logical men,2023-04-19 13:25:25,ask_men
How do you deal with unwanted attention?,2023-04-19 13:23:21,ask_men
Dating advice,2023-04-19 13:18:51,ask_men
Games suggestions for PS5,2023-04-19 13:15:54,ask_men
Games suggestions for PS5,2023-04-19 13:15:14,ask_men
what are the joys of having sisters that people without sisters are missing out on?,2023-04-19 12:59:39,ask_men
Who is the most influential person in your life?,2023-04-19 12:55:20,ask_men
"Fellow men, what is your experience of being emotionally supported by the women closest to you? Particularly during times of crisis?",2023-04-19 12:52:32,ask_men
"If you could create the perfect partner, How would It be?",2023-04-19 12:44:19,ask_men
What do you think of long distance relationships?,2023-04-19 12:39:06,ask_men
I just found out that my girlfriend - who I live with - has been cheating on me. She doesn't know I know yet and goes out of town for four days starting tomorrow. What is the best use of my time while she's gone?,2023-04-19 12:38:48,ask_men
How'd you react if your girlfriend wanted to be friends with her ex?,2023-04-19 12:33:43,ask_men
My close guy friend keeps giving me his clothes and not wanting them back. Is this typical or am I reading too much into it?,2023-04-19 12:29:05,ask_men
Have you ever been so angry you couldnt care to help someone you love?,2023-04-19 12:23:43,ask_men
What does having intercourse feel like for a guy?,2023-04-19 12:19:38,ask_men
Which nationalities and races are more prone to violent and aggressive behavior in your opinion?,2023-04-19 12:18:28,ask_men
"How soon in a relationship do women tell you that they love you, why?",2023-04-19 12:15:36,ask_men
Where to get inexpensive business casual clothing?,2023-04-19 12:14:19,ask_men
What do you think about dating women in STEM?,2023-04-19 12:10:40,ask_men
"Men, what medical treatment or procedure do you regret 'putting off?'",2023-04-19 12:05:39,ask_men
"Fellow bad back (herniated disc) suffers, Is there any one specifc thing you've found helps?",2023-04-19 11:54:41,ask_men
Whats your favourite band that you've liked for the longest time?,2023-04-19 11:43:47,ask_men
How much $ do you spend on your gf/mo?,2023-04-19 11:40:22,ask_men
"Men, what's your go to slip on shoe?",2023-04-19 11:36:57,ask_men
"What age did your life drastically change mentally, physically, financially, spiritually, etc?",2023-04-19 11:30:20,ask_men
"What is something your SO and you do that other people would probably, or do see, as weird?",2023-04-19 11:23:38,ask_men
Give me advice please. How do you know if a man truly likes you? Does it matter how long you knew each other?,2023-04-19 11:20:16,ask_men
What's the biggest red flag in girl/woman?,2023-04-19 11:16:32,ask_men
Do all men fantasize about their sister-in-law?,2023-04-19 11:03:14,ask_men
What do men do when they have a crush?,2023-04-19 11:02:29,ask_men
What's the difference between IMVU and Utlas?,2023-04-19 11:02:11,ask_men
Have you ever changed your feelings towards a girl that you are not that into the first time ?,2023-04-19 10:59:11,ask_men
Have you ever cheated with someone's girl?,2023-04-19 10:54:47,ask_men
Is it normal not to have morning wood?,2023-04-19 10:47:25,ask_men
What movie is devastatingly sad?,2023-04-19 10:31:56,ask_men
Looking for some relationship advice,2023-04-19 10:12:01,ask_men
How to forget and move on from someone that burned you.,2023-04-19 09:55:44,ask_men
Is 1600mg of tramadol with 800mg of codeine likely to kill you? Why or why not?,2023-04-19 09:51:58,ask_men
Have you gone through the midlife crisis?,2023-04-19 09:38:00,ask_men
Have you noticed your ejaculation starts one-two seconds after your orgasm begins?,2023-04-19 08:53:58,ask_men
Are married men supposed to have female best friends? Why so or why not?,2023-04-19 08:50:49,ask_men
Would you still hang out platonically with women if you have a girlfriend?,2023-04-19 07:58:20,ask_men
"gentlemen of reddit, what the hell do i do with your balls while i‚Äôm at it?",2023-04-19 07:51:54,ask_men
"Men is it common for men to lose feelings for the women they are with once she tells you that she loves you, why?",2023-04-19 07:42:25,ask_men
Green flag M27 BUT kind of ugly..? Im a F24,2023-04-19 07:22:47,ask_men
"Men, what do you think if your significant other never initiates?",2023-04-19 07:14:39,ask_men
"If you are in a bad mood, do you prefer to be left alone or have someone to cheer you up?",2023-04-19 07:04:04,ask_men
What kind of flirty text would you like to receive?,2023-04-19 07:03:27,ask_men
How would you feel if your gf treated you very sweetly but was a B to everyone else?,2023-04-19 06:59:03,ask_men
Do you guys have a porn collection?,2023-04-19 06:50:39,ask_men
helppp,2023-04-19 06:48:44,ask_men
"What made you no longer see yourself as a guy, but as a man?",2023-04-19 06:41:31,ask_men
Intimidated,2023-04-19 06:17:43,ask_men
Penis enlargement surgery,2023-04-19 06:12:06,ask_men
Do you get grumpy as you get older?,2023-04-19 06:08:28,ask_men
"Do you guys have a skincare routine? If so, when did you start taking it seriously?",2023-04-19 06:04:30,ask_men
"Need your opinion, what hairstyle looks best on me?",2023-04-19 06:03:16,ask_men
Did you ever?,2023-04-19 05:58:07,ask_men
He (M21) refuses to buy me (F20) flowers,2023-04-19 05:52:53,ask_men
what you prefer or your type for being in misogyny or serious relationship,2023-04-19 05:52:17,ask_men
Do all men follow insta/OF models??,2023-04-19 05:28:39,ask_men
AITA? My roommate won‚Äôt stop farting and it‚Äôs driving me insane.,2023-04-19 05:26:14,ask_men
What's a belief that you hold which many people disagree?,2023-04-19 05:16:17,ask_men
Should I go for coffe with my ex girlfriend after 6-7 months of trying to move on?,2023-04-19 05:09:21,ask_men
My crush casually mentioned she has a FWB. How do I interpret that?,2023-04-19 05:06:19,ask_men
Do you believe that ending or at least minimizing sexism and misogyny should start with how men think and act?,2023-04-19 05:00:55,ask_men
My boyfriend is a Baby Daddy,2023-04-19 05:00:52,ask_men
How much do people actually save?,2023-04-19 04:59:40,ask_men
Hey all. I. 23m and have for quite a while had a bad smell coming from pubic area. I wash and clean regularly etc but the smell appears almost immediately.,2023-04-19 04:45:21,ask_men
Would you want a Vag if you never got a period?,2023-04-19 04:44:28,ask_men
Did I potentially mess up by giving a lot of money to my cousin for a wedding present?,2023-04-19 04:43:00,ask_men
‚ÄúI‚Äôm going out for drinks tonight. You should come.‚Äù,2023-04-19 04:42:54,ask_men
Advice needed on a special lady,2023-04-19 04:37:18,ask_men
Unwanted pregnancy,2023-04-19 04:36:53,ask_men
"If you can get some with your wife or girlfriend anytime you want, do you still want/need to watch porn?",2023-04-19 04:31:24,ask_men
"About to get married, am I missing a red flag?",2023-04-19 04:14:45,ask_men
The Long Game,2023-04-19 04:11:00,ask_men
Are you a man who has been through a mid life crisis?,2023-04-19 04:03:24,ask_men
How to shoot my shot with a guy as a female,2023-04-19 03:59:54,ask_men
Do average man profile receive views on their stories on Instagram from attractive women,2023-04-19 03:59:52,ask_men
Why dont guys like me,2023-04-19 03:59:20,ask_men
Men who have been through a mid life crisis,2023-04-19 03:56:53,ask_men
Gave Creepy Coworker My Number,2023-04-19 03:53:10,ask_men
"For those who have had weddings, what‚Äôs your advice for picking groomsmen?",2023-04-19 03:52:18,ask_men
can all guys do this?,2023-04-19 03:45:48,ask_men
Do you remove your clothes before you go number 2?,2023-04-19 03:43:02,ask_men
My friend [26M] takes all his clothes off when going #2 and thinks this is normal. Do you strip prior to relieving yourself?,2023-04-19 03:42:06,ask_men
Why can't a man be satisfied with just one women?,2023-04-19 03:28:59,ask_men
Any advice for getting a girlfriend?,2023-04-19 03:27:22,ask_men
Any experience with high dose pygeum extract for prostate health,2023-04-19 03:16:43,ask_men
Your thoughts on how my[F] partner[M] attempted to convince me to have more sex?,2023-04-19 03:05:47,ask_men
Would you date a woman who cherry-picks which outdated gender norms she wants to keep?,2023-04-19 02:39:22,ask_men
Do any dudes message these women?,2023-04-19 02:31:18,ask_men
Do you find women more sexually aggressive or more sexually direct nowadays?,2023-04-19 02:22:27,ask_men
Am I possessive for claiming that I would not let my SO comment heart eyes on thirst trap posts?,2023-04-19 02:22:25,ask_men
What is your unpopular opinion about sports?,2023-04-19 02:20:56,ask_men
What is your biggest pet peeve about Reddit?,2023-04-19 02:18:06,ask_men
How many people from the highschool you still keep in touch after some time?,2023-04-19 02:06:16,ask_men
Man influencers on dating/relationship advice seems contradictory,2023-04-19 01:56:19,ask_men
How do I kill my feelings?,2023-04-19 01:45:20,ask_men
"Shagged a hot guy over a year ago &amp; he wants to shag again, probably as a rebound since he split with his ex - am I a good shag or am I just available?",2023-04-19 01:34:42,ask_men
What are some key elements of good teamwork in the workplace?,2023-04-19 01:33:40,ask_men
Should I keep photos of my past relationships?,2023-04-19 01:33:07,ask_men
I‚Äôm 19 and my hairline is noticeably receding. Is this it for me?,2023-04-19 01:30:24,ask_men
What are some possible solutions for adjusting the inverted aiming in Mario 64 on M64 Android?,2023-04-19 01:29:10,ask_men
"In your opinion, can long-distance relationships ever work?",2023-04-19 01:28:21,ask_men
What BS did you put up with when you were young and trying to have a girlfriend or get laid?,2023-04-19 01:14:58,ask_men
How to join another country's army as a Colombian citizen?,2023-04-19 01:12:31,ask_men
"When to say, ""I love you""? Dating 4 months - I'm separated, 2 toddlers and divorce hasn't been finalized.",2023-04-19 01:10:05,ask_men
What is the first food you ever learned to cook? And how did you learn it?,2023-04-19 01:07:09,ask_men
Which parent are you closer to and why?,2023-04-19 01:05:23,ask_men
Is the side where you put your dick on correlated with your handedness?,2023-04-19 01:00:14,ask_men
I cry. I‚Äôm worried about now and the future. 26 f. Told by a fortune teller that he saw me alone in a cottage. Also Did you find love in your 30s? And should Reddit have dating events? How to make friends after uni ?,2023-04-19 00:51:36,ask_men
"Straight guys; would you suck LeBron James‚Äô dick daily, in exchange for his talent?",2023-04-19 00:49:04,ask_men
Transition Careers,2023-04-19 00:36:13,ask_men
What would make the sex change from gentle to rough all of a sudden?,2023-04-19 00:34:26,ask_men
How old were you when you proposed to your fianc√© / wife?,2023-04-19 00:33:58,ask_men
Is he shy or just uninterested?,2023-04-19 00:33:00,ask_men
Sex changed from gentle to rough,2023-04-19 00:30:36,ask_men
Girl wants to date me but told me she has a bf of 1.5 years and won‚Äôt end things with him until December?,2023-04-19 00:23:24,ask_men
"Men, what does using dating apps make you feel like?",2023-04-19 00:22:04,ask_men
No s√© que hacer... Me qued√© sin trabajo hace m√°s de dos meses,2023-04-19 00:17:31,ask_men
How do men feel about specific women‚Äôs body features?,2023-04-19 00:00:42,ask_men
(M20) Fellas Any advice on someone whose never kissed a girl?,2023-04-18 23:56:53,ask_men
How do i bring up the idea of a Pre-nup?,2023-04-18 23:43:14,ask_men
How do you trim your pubic hair without your parents knowing?,2023-04-18 23:38:44,ask_men
What's it like to be asked out rather than be the one to ask someone out as a guy?,2023-04-18 23:38:29,ask_men
What do men think of having their toes sucked?,2023-04-18 23:31:21,ask_men
What is some advice you would give your 18-year-old self if you could go back in time?,2023-04-18 23:13:24,ask_men
Too nice?,2023-04-18 23:10:55,ask_men
Make it make sense. I‚Äôll wait.,2023-04-18 23:07:27,ask_men
25fm I'm available for meetup available for car sex bbj nuru massage I'm also selling my hot pics and vids hmu on Snapchat jenet_mary2023,2023-04-18 23:04:41,ask_men
25fm I'm available for meetup available for car sex bbj nuru massage I'm also selling my hot pics and vids hmu on Snapchat jenet_mary2023,2023-04-18 23:04:08,ask_men
Do you guys care about a woman's eyebrows?,2023-04-18 23:03:58,ask_men
Advice you would give your eighteen- year-old self?,2023-04-18 23:03:31,ask_men
25fm I'm available for meetup available for car sex bbj nuru massage I'm also selling my hot pics and vids hmu on Snapchat jenet_mary2023,2023-04-18 23:03:10,ask_men
Which side does your penis hang/tuck left or right?,2023-04-18 23:00:19,ask_men
25fm I'm available for meetup available for car sex bbj nuru massage I'm also selling my hot pics and vids hmu on Snapchat jenet_mary2023,2023-04-18 22:57:00,ask_men
Are any other men demoralized by the amount of scams on Dating apps?,2023-04-18 22:56:24,ask_men
"If the mother of your child asked you to try again after separating and individually handling issues with life, would you?",2023-04-18 22:54:29,ask_men
24F4M I'm down to fuck anyone need body messages with blowjob &amp; and l offer some online fun like sexting masturbating video chat and I'm selling some hot nudes just HMU on snap :: janetmarry2023,2023-04-18 22:40:19,ask_men
What was the hard slap in the face you needed to change your life?,2023-04-18 22:39:03,ask_men
Do you and your friends ever hit each other in the nuts?,2023-04-18 22:38:18,ask_men
Guys with facial hair: How often do you play with it?,2023-04-18 22:26:07,ask_men
situationship,2023-04-18 22:17:20,ask_men
25fm I'm available for meetup available for car sex bbj nuru massage I'm also selling my hot pics and vids hmu on Snapchat jenet_mary2023,2023-04-18 22:04:49,ask_men
How should I deal with my armpit BO?,2023-04-18 22:02:42,ask_men
"I'm young and don't have much experience so give me a break here, but I have a question",2023-04-18 21:59:27,ask_men
What to do when landlord doesn‚Äôt care about fixing something in the unit for safety concerns?,2023-04-18 21:54:50,ask_men
"Men, do you prefer the bubbly, talkative women or the mysterious ones?",2023-04-18 21:48:30,ask_men
I have conflicted feelings about dating a woman older than me,2023-04-18 21:47:17,ask_men
"Men, do you prefer the bubbly and talkative women or the mysterious ones?",2023-04-18 21:46:43,ask_men
How do you get the best out of your free time?,2023-04-18 21:45:33,ask_men
"Men, what are the things that make you go crazy in bed?",2023-04-18 21:43:38,ask_men
Free weekend advice?,2023-04-18 21:43:32,ask_men
My crush casually mentioned she has a FWB. How do I interpret that?,2023-04-18 21:42:22,ask_men
Whats a secret to guarantee grow way taller even during late teen yrs?,2023-04-18 21:39:13,ask_men
Why does being selective scare men away?,2023-04-18 21:30:45,ask_men
(F 59) Why Do Younger Men's Attitude Towards Me Change After Their Orgasm?,2023-04-18 21:21:44,ask_men
My male brethren What skin care regimen do you follow?,2023-04-18 21:15:46,ask_men
Is my brushing routine normal?,2023-04-18 21:10:40,ask_men
"To the guys making 6 figures or more, how would doubling your income effect your life and happiness?",2023-04-18 21:03:34,ask_men
"""Great Scotch!"" T shirt",2023-04-18 21:03:05,ask_men
Opinion on rebound vs genuine feelings,2023-04-18 21:02:39,ask_men
Do you know if you are using someone as a distrction/ rebound,2023-04-18 21:00:04,ask_men
dental hygiene,2023-04-18 20:58:02,ask_men
Have you found more men want children more than women nowadays?,2023-04-18 20:54:27,ask_men
Do you think only fans girls are exploiting lonely men?,2023-04-18 20:50:32,ask_men
Is it weird to ask your girl to sit on your face?,2023-04-18 20:49:58,ask_men
Need help with stopping leg hair loss at young age,2023-04-18 20:45:22,ask_men
"I like to hug and feel the warmth more than i like intercourse, is it normal?",2023-04-18 20:44:33,ask_men
Do you find it cringe when someone calls you bro or brother? Why?,2023-04-18 20:41:32,ask_men
How has staying on good terms with your ex turned out and how did it happen ?,2023-04-18 20:40:52,ask_men
Bf checks out girls but claims they gave him ‚Äúa look‚Äù,2023-04-18 20:40:26,ask_men
How normal is to fantasize about your girlfriends sister?,2023-04-18 20:34:31,ask_men
What is it with Internet trolls and anime???,2023-04-18 20:33:41,ask_men
Unwanted Pregnancy,2023-04-18 20:31:33,ask_men
Do male twins have same sized dicks?,2023-04-18 20:29:48,ask_men
IS THERE ANY ABANDON SPOTS NEAR ME?,2023-04-18 20:19:24,ask_men
How do I deal with the regret of not approaching a girl that was showing interest?,2023-04-18 20:19:15,ask_men
I have √† question the fact is i have lots of addiction (no drugs or alcohol im not 18) hod do i stop them they are ruining me,2023-04-18 19:36:16,ask_men
Who Watched Porn Before You GF?,2023-04-18 19:26:21,ask_men
"How do you guys deal with the feeling of ""not being heard""",2023-04-18 19:17:02,ask_men
What words when used by someone almost instantly cause you to stop taking someone seriously?,2023-04-18 18:57:06,ask_men
Do you think it‚Äôs bad to use a dating app if I‚Äôm lonely?,2023-04-18 18:52:28,ask_men
Can men cheat/leave and still be in love?,2023-04-18 18:37:43,ask_men
"If you could make out with any fictional character, who would it be?",2023-04-18 18:34:38,ask_men
"I think I have death grip syndrome, how can I solve it quickly?",2023-04-18 18:31:19,ask_men
How do you know if/when you‚Äôve found the one (significant other),2023-04-18 18:23:57,ask_men
How to Effectively Communicate Intentions (Dating Hypothetical),2023-04-18 18:20:39,ask_men
https://onlyfans.com/heyjessica,2023-04-18 18:17:37,ask_men
"What was the ""She's the one"" moment in your relationship?",2023-04-18 18:15:50,ask_men
What made you start paying attention to gender inequality as a man?,2023-04-18 18:15:19,ask_men
"Men who got cheated on in their past relationship, can you share your story of finding and trusting the right girl later in your life?",2023-04-18 18:11:16,ask_men
Feminist dilemma,2023-04-18 18:10:05,ask_men
"My libido just died, possible ED? Any help?",2023-04-18 18:05:17,ask_men
"What's easiest for you to find? A partner, a job or an apartment?",2023-04-18 17:57:27,ask_men
Is anyone happy? Does it get better?,2023-04-18 17:54:05,ask_men
Is too many blowjobs a bad thing?,2023-04-18 17:45:06,ask_men
Why don‚Äôt men date single moms?,2023-04-18 17:43:14,ask_men
Need help reading a guy‚Äôs mixed signals,2023-04-18 17:33:23,ask_men
Should I make anything of this?,2023-04-18 17:25:13,ask_men
What's something you're proud of but rarely get a chance to talk about?,2023-04-18 17:19:29,ask_men
"men, what's your biggest fear about money?",2023-04-18 17:16:06,ask_men
Who is a positive example of masculinity in 2023?,2023-04-18 17:10:41,ask_men
"What would Mirror say if you asked it ""Mirror, Mirror on the wall.... Who is the FAIREST of them all"" ?",2023-04-18 17:05:25,ask_men
It too much head a bad thing?,2023-04-18 17:01:36,ask_men
Very Good Looking Men that draw significant positive attention what are some of your experiences with women &amp; specifically their behavior when seeing you?,2023-04-18 16:55:47,ask_men
"How do men feel about the phrases ""mansplaining"" and ""manspreading""?",2023-04-18 16:50:47,ask_men
"Men/Father's of Reddit, what is your favorite memory or activity of/with your children?",2023-04-18 16:49:35,ask_men
"How do you feel about the phrases ""mansplaining"" and ""manspreading""?",2023-04-18 16:49:03,ask_men
What is the best body/facial hair trimmer for a short 5 o clock shadow look?,2023-04-18 16:48:32,ask_men
"Do you think the phrases ""mansplaining"" and ""manspreading"" are offensive?",2023-04-18 16:47:52,ask_men
"What is a conversation you wish you could have with your girlfriend/wife, but are unsure of how they would respond?",2023-04-18 16:46:50,ask_men
Would you be a secondary to a girl who had a boyfriend that was comfortable with it?,2023-04-18 16:46:15,ask_men
Would you be a girl's side-dick?,2023-04-18 16:44:46,ask_men
Would you consider being a girl's side piece?,2023-04-18 16:37:30,ask_men
Afraid my GF‚Äôs parents won‚Äôt accept me,2023-04-18 16:25:28,ask_men
Writing the Bro code,2023-04-18 16:15:06,ask_men
what is one thing you swear people only pretend they like,2023-04-18 16:07:10,ask_men
Books to help with personal development,2023-04-18 16:05:44,ask_men
I'm new to here just checking it out,2023-04-18 16:05:25,ask_men
Do men fantasize about other women during sex?,2023-04-18 15:58:54,ask_men
Is there any way to drive to san diego avoiding chepoints?,2023-04-18 15:54:11,ask_men
How many hours do you work a week?,2023-04-18 15:53:16,ask_men
What is something you can be considered good at but you don‚Äôt necessarily like doing,2023-04-18 15:48:19,ask_men
Does anyone else feel sad that they're slowly becoming less liberal?,2023-04-18 15:48:00,ask_men
What do you wish more people would ask you?,2023-04-18 15:45:46,ask_men
What do you do when you have a crush?,2023-04-18 15:44:48,ask_men
Why is commitment scary?,2023-04-18 15:43:18,ask_men
Whats the weirdest thing you have jerked off too?,2023-04-18 15:39:31,ask_men
"Starwars Fans, if your girlfriend got into the franchise just for you. Would you find that nice or offputting?",2023-04-18 15:34:38,ask_men
Are goth girls typically loyal to their partners?,2023-04-18 15:32:13,ask_men
Do you feel like there‚Äôs ever a point where no contact is too late after a break up? How long after someone stops talking do you tend to start questioning the break up and has it ever made you come back?,2023-04-18 15:31:40,ask_men
Tips for a first handjob?,2023-04-18 15:28:19,ask_men
How many hours to you work a week?,2023-04-18 15:24:11,ask_men
No Label,2023-04-18 15:20:22,ask_men
Ticket,2023-04-18 15:13:17,ask_men
"If you‚Äôre in a public restroom for multiple people, is it ok to let out farts with others around while at the urinal?",2023-04-18 15:12:01,ask_men
How do I prevent or minimize night sweating after a workout?,2023-04-18 15:11:42,ask_men
"Have you ever been ""caught"" for being a ""creep"" at the gym when you weren't doing anything?",2023-04-18 15:09:03,ask_men
I can't jerk off for two weeks. Any suggestions on how to make it?,2023-04-18 15:02:25,ask_men
prem snapchat @ playgirlmo,2023-04-18 15:00:52,ask_men
"Want to text a guy I hooked up with months ago, is an unsolicited picture too much?",2023-04-18 14:56:26,ask_men
"Be honest! üçÜ size when soft, hard and the circumference.",2023-04-18 14:56:11,ask_men
why is it you wish to die?,2023-04-18 14:55:10,ask_men
What about sex but without penetration?,2023-04-18 14:47:55,ask_men
What are your core values and what type of a person/identity you‚Äôre working towards in your life?,2023-04-18 14:47:05,ask_men
Sex but without intercourse,2023-04-18 14:46:45,ask_men
What sentence has someone said to you that is still stuck to your head?,2023-04-18 14:45:06,ask_men
How to recover from major embarrassment when you confess feelings?,2023-04-18 14:40:24,ask_men
"If a man gives a woman his clothes to wear home after a date/spending the night, does that mean he intends to see her again?",2023-04-18 14:36:21,ask_men
He(M40s) gave me(F29)money,2023-04-18 14:33:19,ask_men
"Would u as a guy cheat if u had a girl who‚Äôs sweet kind , quiet introverted , but likes sports watches matches with u , is nerdy as well and a doc",2023-04-18 14:33:13,ask_men
Should I keep my past a secret from future partners?,2023-04-18 14:32:24,ask_men
How can i have a mullet with a mustache if i'm already balding?,2023-04-18 14:15:27,ask_men
A woman you‚Äôre deeply in love with slaps you in the heat of the moment (she‚Äôs very upset with you). Does your opinion of her change?,2023-04-18 14:06:17,ask_men
Would you help me with my psychology capstone?,2023-04-18 14:05:39,ask_men
What makes guys not want to date a girl,2023-04-18 14:00:16,ask_men
What is the best study method?,2023-04-18 13:59:35,ask_men
"Straight men, would you rather date an exceptionally good looking woman with an average career or an average looking woman with an exceptional career?",2023-04-18 13:52:23,ask_men
I found my dad‚Äôs secret social media account. Should I do something about it?,2023-04-18 13:41:32,ask_men
What is the stupidest way to die?,2023-04-18 13:34:30,ask_men
What makes a man a nobody?,2023-04-18 13:31:06,ask_men
Why some guys are so confusing nowadays?Or they are being shy?,2023-04-18 13:27:36,ask_men
What was the trigger point for you to go to therapy?,2023-04-18 13:23:41,ask_men
"Men who have left a previous partner who was good to you for another woman, did you ever feel guilt?",2023-04-18 13:09:33,ask_men
"Men, have you ever felt guilty for leaving your partner who was otherwise good to you for someone else?",2023-04-18 13:07:45,ask_men
"To those of you who left your partner who was good to you for someone else, did you ever feel guilty?",2023-04-18 13:04:11,ask_men
I have seen multiple videos of men beating each other up but one thing I have noticed is that they never ever kick each other in the balls. Is it a bro code that men have?,2023-04-18 13:03:44,ask_men
Did individual therapy actually help after what she did to you?,2023-04-18 13:01:53,ask_men
What was the best birthday someone planned for you?,2023-04-18 12:52:56,ask_men
Do men really not want anything on their birthdays?,2023-04-18 12:48:42,ask_men
Any tip for a guy who is about to experience sex for first time?,2023-04-18 12:43:12,ask_men
What's one thing you think we men have been collectively doing wrong all these years?,2023-04-18 12:20:27,ask_men
"Guys, what would you do?",2023-04-18 11:50:59,ask_men
What‚Äôs the reason why most men act like children from time to time?,2023-04-18 11:24:45,ask_men
Clothes,2023-04-18 11:14:50,ask_men
My girlfriend kissed a guy while we broke up. Should I be angry?,2023-04-18 11:02:30,ask_men
What does it mean when posts IG stories? But dont respond to your texts?,2023-04-18 11:01:37,ask_men
what does it mean when she posts IG stories but doesn't update you,2023-04-18 11:00:26,ask_men
Emasculation,2023-04-18 10:57:39,ask_men
What does it mean she posts IG stories but doesn't even respond to you,2023-04-18 10:56:32,ask_men
"Men, why do you just stop caring after you get the girl? But you expect her to stay the same?",2023-04-18 10:55:02,ask_men
What‚Äôs a hobby y‚Äôall love but is ruined by the vocal minority? How do they suck the fun out of it?,2023-04-18 10:41:40,ask_men
I think I have testicular torsion and Im pretty sure it's WAY too late. Any advice?,2023-04-18 10:37:15,ask_men
What‚Äôs your opinion on the happy food dance females do?,2023-04-18 10:36:56,ask_men
Are men ever really ready?,2023-04-18 10:29:32,ask_men
What are some subtle signs that he is still not over you?,2023-04-18 10:19:24,ask_men
Do y'all think men are genuinely supportive of each other?,2023-04-18 10:15:47,ask_men
What do you think is the biggest misconception about men?,2023-04-18 10:14:30,ask_men
Did you ever ditch a date?,2023-04-18 10:13:24,ask_men
Which should I have and improve skills to better life?,2023-04-18 10:06:54,ask_men
What/who are you living for?,2023-04-18 09:58:17,ask_men
"Why is it so hard to find mens shirts that fit well through the chest and shoulders, but dont look like a potato sack through the torso?",2023-04-18 09:43:53,ask_men
How would you react when the woman you have been seeing without any labels tell you that you make her feel aroused whenever she sees you?,2023-04-18 09:35:51,ask_men
Why do men think women are crazy?,2023-04-18 09:28:58,ask_men
Do all men cheat?,2023-04-18 09:26:48,ask_men
Would you date a woman who works in adult industry(in social media too)?,2023-04-18 09:24:03,ask_men
how do i make grilled cheese?,2023-04-18 09:18:04,ask_men
Who's an artist/ musician you appreciate but isn't even close to what you normally listen to?,2023-04-18 09:01:49,ask_men
I'm tired at this point,2023-04-18 08:32:13,ask_men
What age did you start to feel insecurity? I am turning 29...,2023-04-18 07:52:33,ask_men
How difficult is it to pick up in a bar these days?,2023-04-18 07:49:05,ask_men
What gift would you appreciate if your childhood pet passed away?,2023-04-18 07:31:11,ask_men
"Do you think getting married at 27-28 is ""too early"" for an Indian male? Or is it fine?",2023-04-18 07:24:05,ask_men
"Pretending to be stronger than I am to keep my girlfriend attracted and it‚Äôs been really tough lately, how should I deal with this?",2023-04-18 07:16:14,ask_men
How would porn not existing change or not change your feelings about women? Would you spend more quality time with them?,2023-04-18 07:11:54,ask_men
Dating - exclusivity - relationship,2023-04-18 07:08:15,ask_men
"Pretending to be stronger than I am to keep my girlfriend attracted and it‚Äôs been really tough lately, any advice?",2023-04-18 07:04:21,ask_men
Pretending to be stronger than I am to keep my girlfriend attracted and it‚Äôs hurting me bad lately. Any advice?,2023-04-18 06:37:06,ask_men
Men of reddit who are in relationship or been in one before this one is for you.,2023-04-18 06:10:49,ask_men
what are some compliments that men really love to hear?,2023-04-18 06:05:49,ask_men
Should I be concerned if all my ex-girlfriends look similar to one another?,2023-04-18 06:01:29,ask_men
What indicates a break up is final?,2023-04-18 05:57:20,ask_men
"Short Indian Picks Up Hot Girls In Mykonos, Greece",2023-04-18 05:56:04,ask_men
Would you say that men (and women) who claim they ‚Äúwould never be unfaithful‚Äù are the ones who are most likely to cheat?,2023-04-18 05:55:56,ask_men
How do you react to a woman that's out of your league is showing too much interest too quickly?,2023-04-18 05:38:12,ask_men
How to become a better version,2023-04-18 05:31:23,ask_men
"Objectively attractive men, do you ever receive unsolicited nudes from women?",2023-04-18 05:28:57,ask_men
Have You Ever Ignored/Ghosted Friend Instead of Saying No?,2023-04-18 05:28:27,ask_men
Does this guy like me? Context below,2023-04-18 05:26:53,ask_men
"What is this thing about men not approaching women for dates at the risk of coming off like a ""creep""? Why are we normalizing this?",2023-04-18 05:20:26,ask_men
What do you do when you need to fart real bad while on a date?,2023-04-18 05:14:10,ask_men
Would you break up with your gf to pursue a long-time crush?,2023-04-18 05:10:46,ask_men
"Men, is the situation beyond repair or do I reach out and see if there is hope?",2023-04-18 05:08:50,ask_men
"My friend recently made me feel like a worthless nobody. Out of nowhere. Because he assumed that I was trying to trap him. I explained and tried to prove otherwise. If you were this man and you got this letter, that was written months ago, what would you think or how would you respond?",2023-04-18 04:53:11,ask_men
talking stage vs relationship behaviors?,2023-04-18 04:51:29,ask_men
Why Would You Ignore/Ghost An In Person Friend Who Asked You Out Instead of Just Saying No?,2023-04-18 04:41:49,ask_men
Avoid checkpoints,2023-04-18 04:23:25,ask_men
‚ÄúThose who say it can't be done are usually interrupted by others doing it.‚Äù,2023-04-18 04:20:58,ask_men
"Men of reddit, have you ever looked at your booty hole before? My boyfriend told me that he's never seen his before and I'm slightly flabbergasted",2023-04-18 04:15:35,ask_men
Why would a guy call a girl a heartbreaker?,2023-04-18 04:08:25,ask_men
How do I stop making people intimidated by me?,2023-04-18 03:55:58,ask_men
"Men, what signs do you show to your partner when you are hurting?",2023-04-18 03:50:37,ask_men
any advice on this fellas?,2023-04-18 03:49:36,ask_men
If you are a dad who left his family‚Ä¶,2023-04-18 03:37:32,ask_men
How do you reject someone kindly?,2023-04-18 03:37:00,ask_men
See More of Me and Everything else,2023-04-18 03:34:47,ask_men
Helpppp!,2023-04-18 03:31:46,ask_men
what scents are most memorably appealing when passing a woman?,2023-04-18 03:27:03,ask_men
Question from a woman: Do emotional conversations lead to physical arousal?,2023-04-18 03:13:46,ask_men
What would be the best comeback if a girl says ‚Äú You have a small pp ‚Äú?,2023-04-18 03:06:04,ask_men
For all the committed men,2023-04-18 03:04:05,ask_men
"My husband checks out models on insta, why does it make me feel so bad?",2023-04-18 02:55:01,ask_men
How do you respond to dating a man tied down with emotional baggage from his kids?,2023-04-18 02:49:56,ask_men
"Curious after seeing something similar on the Women section, what would you refer to as a ""High maintenance"" woman?",2023-04-18 02:28:54,ask_men
What assumptions do you make about girls who are married and had onlyfans?,2023-04-18 02:12:18,ask_men
Would you date a female you hook up with on the first date?,2023-04-18 02:12:04,ask_men
"Locksmiths of Reddit, what‚Äôs your first thought when someone asks you to change all the locks on the house?",2023-04-18 02:09:26,ask_men
Explain post but clarity to a woman,2023-04-18 02:05:41,ask_men
Is life really that hard for a qualified person?,2023-04-18 02:05:21,ask_men
how i can grown up from a teenager to a real man mind?,2023-04-18 02:03:33,ask_men
Question for men who are in a long term relationship,2023-04-18 01:59:25,ask_men
What is your best pick up line to rizz up a female (or another male),2023-04-18 01:58:19,ask_men
Is it normal for men who are in long term relationship to not feel sexually attracted to their long term partner anymore?,2023-04-18 01:46:19,ask_men
"Shy or anxious men, have you ever stood up or ghosted someone you actually liked? If yes, why?",2023-04-18 01:42:58,ask_men
"Gentlemen, what do you do if 2 people are falling for you? Do you make a choice?",2023-04-18 01:40:36,ask_men
Question for men who are in a long term relationship (8+yrs) Pinipilit niyo nalang ba makipagsex sa asawa/gf niyo?,2023-04-18 01:40:07,ask_men
ÈÉ≠ÊñáË¥µÁöÑË∞éË®Ä Â∞èËöÇËöÅÁöÑÊØíÂìÅ,2023-04-18 01:34:28,ask_men
"Men, would you date a woman with different political views than you?",2023-04-18 01:34:00,ask_men
Seriously guys how do y‚Äôall talk to multiple women?,2023-04-18 01:31:55,ask_men
The Diplomat magazine exposed Yan Limeng and Guo Wengui as anti-communist swindlers,2023-04-18 01:26:00,ask_men
ÂõûÂÆ∂Ôºåhklkj,2023-04-18 01:24:10,ask_men
Just need it,2023-04-18 01:23:22,ask_men
"Straight bros, have you ever had a man crush on someone?",2023-04-18 01:15:19,ask_men
I'm wondering if you guys ever feel this way when being away from your SOs,2023-04-18 01:13:54,ask_men
I'm wondering if you guys ever feel this way when being away from your SOs,2023-04-18 01:12:12,ask_men
"Men, have you ever been in a situation where your girl purposely ignored your calls and texts?",2023-04-18 00:58:39,ask_men
what reasonable reason would you have for deliberately not mentioning your girlfriend to a female colleague at work?,2023-04-18 00:52:02,ask_men
Do you sometimes wish you could act on a forbidden experience while in a relationship?,2023-04-18 00:41:10,ask_men
How to tell a guy is still interested in you and not cheating?,2023-04-18 00:38:47,ask_men
Do you sometimes wish you could act on a forbidden experience while in a relationship?,2023-04-18 00:37:56,ask_men
Have you ever lied to a woman about your age? And why?,2023-04-18 00:37:06,ask_men
Men who have been hit in the family jewels by another person: how and why? I don't get it,2023-04-18 00:32:09,ask_men
What would make you lie about your age?,2023-04-18 00:30:40,ask_men
How do you feel about dating a woman who is 5+ years older than you?,2023-04-18 00:28:56,ask_men
How do you feel about dating a woman who is 5+ years older than you?,2023-04-18 00:28:11,ask_men
What are some good anniversary date ideas for teens?,2023-04-18 00:27:43,ask_men
"There‚Äôs a lot of negativity, what‚Äôs one of the best things going on in your life recently?",2023-04-18 00:26:35,ask_men
How do you cope after situations that you know could have led to something more?,2023-04-18 00:22:32,ask_men
"Fellow dudes in LTRs, how do you cope with opposite sex temptations?",2023-04-18 00:12:29,ask_men
What were you doing at my age (24)?,2023-04-18 00:11:51,ask_men
Is a woman‚Äôs weight really a turn off?,2023-04-18 00:11:47,ask_men
Serious question: How do I get a girlfriend at the age of 24?,2023-04-18 00:10:16,ask_men
How do you ask your SO when you wanna do it?,2023-04-18 00:06:33,ask_men
"24yo and never ever had a gf, need help.",2023-04-18 00:04:11,ask_men
Is 16 and 19 years old dating weird?,2023-04-17 23:57:57,ask_men
"What would you do if you worked in fast food/retail, and you witnessed your co-workers stealing?",2023-04-17 23:52:16,ask_men
"Those that felt a ‚Äúspark‚Äù immediately when you met a woman, how did the relationship turn out?",2023-04-17 23:50:45,ask_men
What are some sings there‚Äôs another women in the picture?,2023-04-17 23:47:02,ask_men
What‚Äôs the biggest ‚Äúbullet‚Äù you ever dodged?,2023-04-17 23:46:04,ask_men
Jiggle butt or Firm? And why?,2023-04-17 23:36:53,ask_men
What are some good anniversary date ideas for teens?,2023-04-17 23:34:01,ask_men
What relationship advice were you given and wish you had been given it sooner in life?,2023-04-17 23:25:16,ask_men
Mechanics of Reddit... I NEED HELP!,2023-04-17 23:22:08,ask_men
What's the first 80s movie that comes to mind?,2023-04-17 23:19:36,ask_men
What are some good anniversary date ideas for teens?,2023-04-17 23:18:23,ask_men
What are some good anniversary date ideas for teens?,2023-04-17 23:16:22,ask_men
I‚Äôm giving a FLOWER to a MAN,2023-04-17 23:15:57,ask_men
What does it mean if a *straight* man compliments your clothing?(serious),2023-04-17 23:15:17,ask_men
how our society became like this? I'm talking about hookup culture and being hard to find a loyal women,2023-04-17 23:15:00,ask_men
New Christian seeking advice on approaching a guy?,2023-04-17 23:10:49,ask_men
Is being referred to as a ‚Äúwildcard‚Äù as negative as I perceive?,2023-04-17 23:09:41,ask_men
What would you do if your girlfriend told you she use to be a sugar baby?,2023-04-17 23:08:19,ask_men
Should i ask him to hangout?,2023-04-17 22:58:40,ask_men
How would you react if when bending over in public someone came up from behind and shot pepper spray down your crack while a grown man in a chipmunk suit was dancing and a group of 16-57 year olds were filming you on their smart phones at different angles?,2023-04-17 22:43:50,ask_men
Should I stay or should I go?,2023-04-17 22:38:23,ask_men
Have you ever been embarrassed to introduce your partner to your friends and family? Why?,2023-04-17 22:34:45,ask_men
Low twstosterone: what's the deal with it?,2023-04-17 22:29:57,ask_men
"Men who broke up with ex and regretted the decision, when do you start feeling?",2023-04-17 22:07:15,ask_men
What superhero you enjoy to be?,2023-04-17 22:03:20,ask_men
"Ibiza is azibi spelled backwards and azibi means Habibi in Russian colonies, therefore Mike Posner took a pill inside of a Habibi. What's your thoughts on this?",2023-04-17 21:55:08,ask_men
My girlfriend gets hit on by her guy friends,2023-04-17 21:50:48,ask_men
How do you play with the prostate?,2023-04-17 21:45:51,ask_men
Adult Brother Advice,2023-04-17 21:40:52,ask_men
"Shy men, have you ever stood someone up because of your shyness?",2023-04-17 21:35:27,ask_men
Best Deodorant?,2023-04-17 21:34:52,ask_men
"Straight men, question for you about transwomen (read my text)",2023-04-17 21:33:55,ask_men
Why does he want a picture of me when he‚Äôs seen me irl??,2023-04-17 21:32:02,ask_men
"What is the sexiest, most romantic type clothes men could wear to bed that a woman would find a turn on?",2023-04-17 21:31:20,ask_men
"Shy men, have you ever stood someone up because of your shyness?",2023-04-17 21:30:17,ask_men
what is your actual opinion on gym bros who‚Äôs toxic to nobody but their girlfriend?,2023-04-17 21:17:42,ask_men
"Men, what is something you would love to have, but won‚Äôt buy for yourself?",2023-04-17 21:17:24,ask_men
"if your bro leaked their ex‚Äôs nudes and sa‚Äôd them, would you still support them and take their side? how would you treat them after that?",2023-04-17 21:09:47,ask_men
Do you prefer meaner girls or nicer girls?,2023-04-17 21:09:46,ask_men
"As guys, do you find it easy not getting feelings?",2023-04-17 21:08:12,ask_men
Do y‚Äôall like opening jars and lifting up heavy stuff for women or is it nonchalant?,2023-04-17 21:03:23,ask_men
What something you should never do when raising a daughter?,2023-04-17 21:01:24,ask_men
What do you think about Jordan Peterson?,2023-04-17 20:58:40,ask_men
Did you really wanted kids?,2023-04-17 20:51:48,ask_men
Did you want to have kids or was it more of a 'she wanted it' thing?,2023-04-17 20:51:03,ask_men
Ayuda,2023-04-17 20:45:59,ask_men
What made you stop initiating or wanting sex with your partner?,2023-04-17 20:43:15,ask_men
"In a relationship, are you attracted to someone opposite or similar to you? Why?",2023-04-17 20:33:32,ask_men
"Men, are you more attracted to someone opposite or similar to you?",2023-04-17 20:30:45,ask_men
"Do some men end things when they start to develop real feelings? If so, why?",2023-04-17 20:27:52,ask_men
When was the last time you felt schadenfreude and why?,2023-04-17 20:25:47,ask_men
A business lady,2023-04-17 20:21:16,ask_men
Depressed brother in his late thirties. What can I do?,2023-04-17 20:18:44,ask_men
What do men think of Taylor swift as a musician?,2023-04-17 20:18:05,ask_men
Do most men find Taylor swift's music boring?,2023-04-17 20:16:48,ask_men
Trans competing with biological women,2023-04-17 20:15:57,ask_men
What would it take for you to stay with a partner that cheated?,2023-04-17 20:14:38,ask_men
Do women 'expire' in their 20s?,2023-04-17 20:06:00,ask_men
What do you do when you need a hug?,2023-04-17 20:01:12,ask_men
How do you order the bills in your wallet?,2023-04-17 19:59:19,ask_men
What is a move in life that dramatically improved your life forever?,2023-04-17 19:59:02,ask_men
"If you could have any vehicle (real or fictional) for transportation, what would it be?",2023-04-17 19:56:49,ask_men
Anyone want a hug?,2023-04-17 19:53:51,ask_men
"What's your go to way for taking off your shirt? Pull from the neck, cross arms and pull up from the hem, or something else entirely?",2023-04-17 19:50:30,ask_men
"What should you do if you want to ask out a girl, but don‚Äôt know when/if you should?",2023-04-17 19:45:02,ask_men
When a guy says ‚ÄúWhen can I see you again?‚Äù after hanging out does that mean he likes you?,2023-04-17 19:41:50,ask_men
How do you ask a person visiting you to leave in a polite manner?,2023-04-17 19:39:20,ask_men
I need some life advice,2023-04-17 19:36:23,ask_men
"Is it common to experience more stress about life after turning 30? If so, what strategies have you used to manage this stress?",2023-04-17 19:30:57,ask_men
"My [34F] partner [39M] said no porn in the relationship, however I feel like he's lying to me",2023-04-17 19:28:56,ask_men
"Have you ever been dumped by a girl you really liked and managed to get back together later on? If so, how did it turn out?",2023-04-17 19:12:33,ask_men
What advice do you have for a guy looking to switch careers in mid-life (possibly into a trade)?,2023-04-17 19:12:33,ask_men
How do you heal after being sexually assaulted by a woman?,2023-04-17 19:11:59,ask_men
Do men always check out women?,2023-04-17 19:01:41,ask_men
A girl I‚Äôm dating has approached me and asked if I would like to go to a swinger club with her and her friend. Would it be best to go with her to experience this with her?,2023-04-17 18:56:05,ask_men
Lemonada Media looking for podcast participants,2023-04-17 18:39:16,ask_men
"How many growth spurts did you get, at what age and how much did you grow from it?",2023-04-17 18:38:04,ask_men
Is this weird or am I making it bigger than it is?,2023-04-17 18:36:44,ask_men
Do guys get attached in casual sexual flings? If you are dating two girls at the same time and one of the girls starts dating someone else or suddenly becomes unavailable. Does it ever bother guys? Does it make the second girl who is now his ‚Äúonly‚Äù girl now more or less desirable?,2023-04-17 18:32:42,ask_men
Is my 26M Bf Cheating on me 23F?,2023-04-17 18:28:55,ask_men
What are some golf terms/slang to say to impress boyfriend?,2023-04-17 18:26:06,ask_men
What woman would you consider a keeper?,2023-04-17 18:23:44,ask_men
"Does your ladies vagina, vulva, etc feel/look the same postpartum?",2023-04-17 18:22:14,ask_men
Men: what is your definition of consent?,2023-04-17 18:19:07,ask_men
is it true that guys will get ‚Äúdistant‚Äù when they get comfortable with the girl they like?,2023-04-17 18:17:57,ask_men
Is it true that men hurt in reverse after a breakup?,2023-04-17 18:17:52,ask_men
How to recommend therapy to a friend?,2023-04-17 18:17:18,ask_men
Men: how do you define ‚Äúr*pe‚Äù?,2023-04-17 18:15:54,ask_men
"Men who've worked on themselves, what did you do and why?",2023-04-17 18:15:05,ask_men
"If a woman and a man were alone in a room, and she claims he assaulted her, what would it take (other than seeing it in person) for you to believe the woman?",2023-04-17 18:11:25,ask_men
Could you win in a fight against a wolf?,2023-04-17 18:10:48,ask_men
What is the most useful tool you ever used?,2023-04-17 18:04:34,ask_men
"Do you regret the way you acted as a teenager, and when did you start changing your ways?",2023-04-17 18:03:26,ask_men
How do you combat the urge to be hyper sexual in order to not feel alone or a way to cope after being used in a past relationship?,2023-04-17 17:57:19,ask_men
Golf terms to impress my boyfriend,2023-04-17 17:52:08,ask_men
Why do you assume that women are all experienced sexually the second they turn 18?,2023-04-17 17:50:17,ask_men
what are some initial signs that a guy is into you?,2023-04-17 17:50:06,ask_men
How positively affected your life the decision you wanted to make for a long time and you did it?,2023-04-17 17:44:27,ask_men
How would I make my head/neck look more strong and masculine,2023-04-17 17:40:53,ask_men
How do I cater to my problem? Please provide me with solutions of any sort.,2023-04-17 17:39:24,ask_men
"If you could work any job and salary isn‚Äôt a factor, what would it be?",2023-04-17 17:38:23,ask_men
What advice do your friends give you?,2023-04-17 17:30:24,ask_men
"I approached a girl, I messed up",2023-04-17 17:28:29,ask_men
do some men feel threatened when they meet a girl who is better than them at the video game they play?,2023-04-17 17:15:50,ask_men
Do men care about stretch marks and fat rolls?,2023-04-17 17:13:09,ask_men
Why do you pretend that you don't have feelings?,2023-04-17 17:06:17,ask_men
alone with money or have a gf/wife as averge person? what you prefer?,2023-04-17 17:03:26,ask_men
Do you agree about this statement?,2023-04-17 16:56:51,ask_men
What is your attraction to a woman's hair ?,2023-04-17 16:52:31,ask_men
How often do you reach out to your fwb?,2023-04-17 16:43:39,ask_men
What do you consider cheating?,2023-04-17 16:40:25,ask_men
"need friends from europe and usa , how to get them?",2023-04-17 16:28:45,ask_men
How to handle crush on my coworker,2023-04-17 16:28:04,ask_men
Which are the best matches for an ESFP lady?,2023-04-17 16:26:34,ask_men
"Men, would you ask for space to focus on ‚Äúgetting life back together‚Äù/ focus on routine?",2023-04-17 16:15:31,ask_men
Where are some good places to meet toxic women?,2023-04-17 16:13:33,ask_men
Men: do you ask for space to focus on routine?,2023-04-17 16:09:26,ask_men
How do you react to manager that pokes fun at you when you are full of stress?,2023-04-17 16:07:08,ask_men
What can I do about this situation in my marriage? Do I try therapy?,2023-04-17 16:06:33,ask_men
Am I doing the right thing in my marriage?,2023-04-17 16:01:22,ask_men
Was it better when only land owning people could vote?,2023-04-17 15:54:42,ask_men
Why do guys do relationship things without committing to a relationship?,2023-04-17 15:45:51,ask_men
How do I re-attract my ex bf back.,2023-04-17 15:42:16,ask_men
Don‚Äôt know where to go from here‚Ä¶,2023-04-17 15:40:48,ask_men
Not sure where to go from here‚Ä¶,2023-04-17 15:38:26,ask_men
Odd dating problem with sex/attraction. Warning: a little graphic,2023-04-17 15:37:11,ask_men
What's You're go to t-shirt and casual pants brands?,2023-04-17 15:35:45,ask_men
How long did it take you to say ‚ÄúI Love You‚Äù to your significant other?,2023-04-17 15:34:35,ask_men
I need help shaving,2023-04-17 15:31:04,ask_men
How and when would you want to be approached by a woman?,2023-04-17 15:30:44,ask_men
Men seem to love all breasts regardless of size - what about butts? Size? Shape? Does it matter or do guys love all butts?,2023-04-17 15:25:21,ask_men
Do any men actually find septum piercings attractive?,2023-04-17 15:24:17,ask_men
How do you guys deal with ‚Äúdoors‚Äù closing in your life?,2023-04-17 15:19:01,ask_men
I‚Äôm falling for a girl and I don‚Äôt know what to do!!,2023-04-17 15:16:55,ask_men
Psychology of men in high school,2023-04-17 15:14:51,ask_men
What's the appeal of jerking off after you've already turned the shower off?,2023-04-17 15:12:17,ask_men
How to DM a girl that has liked my Instagram posts?,2023-04-17 15:11:34,ask_men
"What was the ""I'm done"" moment in your last relationship?",2023-04-17 15:10:04,ask_men
Do men really feel like this???,2023-04-17 15:06:53,ask_men
"Men, what are the things you love most about women?",2023-04-17 15:03:09,ask_men
What would make you stay in a marriage if there was no intimacy?,2023-04-17 15:02:11,ask_men
"For those of you in sexless relationships, what makes you stay in your marriage?",2023-04-17 15:01:32,ask_men
Gus lower half area,2023-04-17 15:00:17,ask_men
Any tips to find a job as a teen?,2023-04-17 14:48:39,ask_men
How much harder is it to try and date a girl NOT in your friend group?,2023-04-17 14:47:36,ask_men
What would your dream car be if money was no object?,2023-04-17 14:41:38,ask_men
Why do men say they will delete a dating app for you but don't?,2023-04-17 14:33:38,ask_men
Are you a member of the half mile club?,2023-04-17 14:33:02,ask_men
I think my boss likes me,2023-04-17 14:30:25,ask_men
What are ur tips for someone who's about to do a big job interview?,2023-04-17 14:25:31,ask_men
Under what circumstances would you answer your phone while sitting on the toiled in a public restroom?,2023-04-17 14:25:27,ask_men
What helped you become more assertive?,2023-04-17 14:21:24,ask_men
How did you stop being hard on yourself for mistakes made in the past?,2023-04-17 14:14:22,ask_men
How to gain self confidence,2023-04-17 14:14:01,ask_men
How do I deal with this ? Please help ?,2023-04-17 14:12:58,ask_men
How long does it take you to realize if a girl is relationship/marriage material?,2023-04-17 14:05:48,ask_men
Cheating?,2023-04-17 13:56:17,ask_men
What's a normal part of your life that other people would consider weird?,2023-04-17 13:40:15,ask_men
How do I ask a girl from my friend group out?,2023-04-17 13:39:16,ask_men
Got a crush on a classmate (19F) but don't know how to ask her out,2023-04-17 13:30:58,ask_men
What's the mildest infuriating TV &amp; Radio commercial?,2023-04-17 13:29:58,ask_men
How to show/prove to my boyfriend his feelings matter?,2023-04-17 13:29:12,ask_men
Would you want to know if your partner was a victim of inc*st?,2023-04-17 13:19:10,ask_men
Boyfriend avoids cuddling and having sex when I gain weight,2023-04-17 13:18:08,ask_men
What was the final straw in your relationship that ended?,2023-04-17 13:09:56,ask_men
how do you feel about physical contact while you sleep?,2023-04-17 13:07:50,ask_men
Alright boys. First first date in 15 years. How do I do it?,2023-04-17 13:05:28,ask_men
do you like to cuddle while you sleep?,2023-04-17 13:04:41,ask_men
"My crush (19F) bought me(19M) a small gift, should I get her a birthday gift in return?",2023-04-17 13:04:26,ask_men
Automatic trafic pro(unlimited sites for life),2023-04-17 13:00:02,ask_men
Would 1400 mg of tramadol and 900 mg of codeine kill you if taken together?,2023-04-17 12:45:32,ask_men
"Men, do you feel emasculated if a woman rejects your offer to help?",2023-04-17 12:44:51,ask_men
"How do you stop making dumb jokes with your gf that ruins the relationship, why?",2023-04-17 12:44:03,ask_men
"Why is it that when the guy chases a girl for a while, he's persistent and somehow cute and when a girl chases a guy, she's a crazy creep?",2023-04-17 12:41:45,ask_men
What a person feels when someone does so much to show his/her love to you and you're not together?,2023-04-17 12:31:54,ask_men
When‚Äôs the last time you checked your balls for lumps?,2023-04-17 12:14:16,ask_men
How long does it take you to decide whether you want a relationship as opposed to wanting to just sleep with a woman?,2023-04-17 12:07:37,ask_men
What‚Äôs the reason you started going to church (childhood excluded)?,2023-04-17 12:04:48,ask_men
Do men really hate it when we ask for their fries?,2023-04-17 11:51:42,ask_men
"Athletic/Sporty men, do you wish your partner is equally sporty/ into fitness? What traits in a woman attract you best?",2023-04-17 11:37:54,ask_men
Do you take out your balls when you pee at a urinal?,2023-04-17 11:29:09,ask_men
"I am 22 yrs old Man. My 2+ yrs relationship ended due to distance. She was my true love, I am scared if I will ever be able to love anyone else again? And whether I will ever be able to forget her?",2023-04-17 11:21:18,ask_men
Exchange headphones,2023-04-17 10:45:00,ask_men
Serious: would meeting a 32F woman who is sexually/romantically inexperienced be a red flag/turnoff?,2023-04-17 10:19:37,ask_men
Êàë‰ª¨Â•≥‰∫∫Â∫îËØ•ÊÄéÊ†∑ÁúãÁî∑‰∫∫,2023-04-17 10:13:17,ask_men
"Serious: Me, 32F have never had a serious relationship and relatively sexually inexperienced. Would it be a deal-breaker/turn off?",2023-04-17 10:12:28,ask_men
What is your sex drive ? How long you guys can last,2023-04-17 09:42:21,ask_men
"Men having a relationship with a few years older girl, what was your biggest concern or doubt before getting into things with her?",2023-04-17 09:01:08,ask_men
"Men having a relationship with a few years older girl, what was your biggest concern or doubt before getting into things with her and how you managed that?",2023-04-17 08:58:41,ask_men
How do you like celebrating your birthday?,2023-04-17 08:41:42,ask_men
"Men, how do you feel about woman with not perfect skin? Do you notice these imperfections? Does it matter to you?",2023-04-17 08:24:34,ask_men
"All bullshit aside, can you be honest gentlemen?",2023-04-17 08:07:48,ask_men
"Married men of reddit who didn't have much luck in dating, how did you meet your wife and what does she think or say about your history?",2023-04-17 08:07:23,ask_men
How does a later in life relationship compare to your first love?,2023-04-17 07:56:33,ask_men
what is that one thing you wish you can stop doing but you can't?,2023-04-17 07:50:05,ask_men
How can a woman get more male attention?,2023-04-17 07:49:58,ask_men
"Girl you dated for 2 months sends you a portrait after a fight (potentially ended the relationship, or lack thereof). You were the one disappointed with the girl. What would you feel?",2023-04-17 07:39:47,ask_men
Men of Reddit. How do you balance the pros and cons of dating a partner with anxiety?,2023-04-17 07:38:17,ask_men
"Married/Ex-Married men, what is an important trait in a wife that someone in their early 20s might not know is an important trait?",2023-04-17 07:34:40,ask_men
what the hell does it mean when you guys say I have an anime moan,2023-04-17 07:14:39,ask_men
Can you tell me about your platonic friendships with women?,2023-04-17 07:13:29,ask_men
What's the ideal number of dates before having sex with someone?,2023-04-17 07:10:31,ask_men
whats something that your partner has done unknowingly ...that made u fall for them even more?,2023-04-17 07:03:10,ask_men
whats the best compliment you have ever recieved??,2023-04-17 07:01:38,ask_men
When is your first sexual intercourse?,2023-04-17 07:01:07,ask_men
would you settle down with someone who has slept with a lot of guys before you ?,2023-04-17 06:59:17,ask_men
I discovered something new today that I thought I had it but didn't know how to see if I had it or not. I have no felling its quite serous. And someone ask me for help and I can't do anything because I don't fell anything by their story.,2023-04-17 06:59:13,ask_men
who would you settle with ? someone who has had many short term relationships with diff guys ....or a woman who has had 1-2 serious ones?,2023-04-17 06:57:26,ask_men
"Rich or poor, what are some skills that a man must learn or otherwise deem as boy who never grow up?",2023-04-17 06:50:10,ask_men
"Is wanting to ride in a hot air balloon in general a ""guys thing""?",2023-04-17 06:30:38,ask_men
do you think hes mad at me because I sent him home?,2023-04-17 06:30:33,ask_men
"I‚Äôm a 30 year old female virgin. Men, should I just lose my v card so I don‚Äôt scare off any potential boyfriends?",2023-04-17 06:11:43,ask_men
WWYD: new woman you‚Äôre dating shares her one-time infidelity in the past with her (previous) ex,2023-04-17 05:57:58,ask_men
Who is the pettiest person you‚Äôve ever dealt with? Why?,2023-04-17 05:54:07,ask_men
Why men were always more attracted to me than my own partner?,2023-04-17 05:52:15,ask_men
Which hair color do you find most attractive on women?,2023-04-17 05:50:02,ask_men
Why do you find blonde hair attractive?,2023-04-17 05:49:00,ask_men
"Be honest, do you find blondes most attractive?",2023-04-17 05:47:09,ask_men
Will my girth increase and if so when will it.,2023-04-17 05:37:55,ask_men
how do i walk?,2023-04-17 05:25:41,ask_men
Wife leaving after 13 yrs,2023-04-17 05:23:24,ask_men
I am married but can't stop noticing beautiful women. Does this mean I don't completely love my wife?,2023-04-17 05:22:41,ask_men
Can guys tell the difference if a female is just being nice because of her personality or if she is interested?,2023-04-17 05:12:11,ask_men
how do i shave with a razor?,2023-04-17 04:53:44,ask_men
Can guys tell the difference if a female is just being nice (naturally because of her personality) or if they are interested?,2023-04-17 04:47:02,ask_men
I‚Äôm 4‚Äô9‚Äù and I work with a bunch of women who are taller than me on a daily basis. How tall are you and how does it feel when you encounter a taller woman?,2023-04-17 04:44:22,ask_men
"Would you get with a girl that does NOT let you be friends with girls, doesn‚Äôt let you look in the direction of a girl, or talk about a girl? But then talks to guys (non sexually maybe?) and takes pictures of guys and has just pictures of guys?",2023-04-17 04:28:11,ask_men
For homebrewers: which are the most important ingredients?,2023-04-17 04:19:37,ask_men
I might need PENIS SURGERY!,2023-04-17 03:58:30,ask_men
How many hours a week do guys usually play video games,2023-04-17 03:57:54,ask_men
How do you men meet now friends?,2023-04-17 03:56:39,ask_men
"If men don‚Äôt ever ask you out or approach you, does that mean you‚Äôre ugly?",2023-04-17 03:42:53,ask_men
"With regards to relationships, what is the best piece of advice you can give?",2023-04-17 03:41:11,ask_men
If men don‚Äôt ever ask you out or approach you does that mean you‚Äôre ugly?,2023-04-17 03:39:49,ask_men
Men: what is the best way you‚Äôve been told someone wasn‚Äôt interested?,2023-04-17 03:37:22,ask_men
How do I turn someone down if I don‚Äôt know who he is?,2023-04-17 03:34:18,ask_men
What is the appropriate way to turn a man down in this instance?,2023-04-17 03:28:36,ask_men
"Through the zipper , or over the belt?",2023-04-17 03:25:47,ask_men
What do you say when you‚Äôre about to cum during sex?,2023-04-17 03:23:23,ask_men
Is it common for men to catch feelings after they turned down a girl?,2023-04-17 03:19:55,ask_men
"For 25+y/o year old men, how would you feel if your least successful friends dropped out of your life?",2023-04-17 03:17:50,ask_men
What are the short term and long term effects that you felt after quitting masturbation on a daily basis?,2023-04-17 03:16:21,ask_men
Is it considered flirting to tell a man that he smells nice ?,2023-04-17 03:04:51,ask_men
My (28F) friend (28F) told my boyfriend (34M) that he smells nice and that he looks good today. Is this weird/considered flirting?,2023-04-17 03:02:33,ask_men
Who is someone you won‚Äôt go out to eat with because you know they‚Äôre a ‚ÄúKaren‚Äù?,2023-04-17 02:48:04,ask_men
"What would you do if your income is low, but girls start liking you more?",2023-04-17 02:47:18,ask_men
Do LDR work for men?,2023-04-17 02:46:32,ask_men
am i risking my heart?,2023-04-17 02:44:37,ask_men
am i risking my heart?,2023-04-17 02:43:11,ask_men
What can one do to lose face fat?,2023-04-17 02:23:14,ask_men
"Men who left home and never looked back, how did you cope with going no contact with family?",2023-04-17 02:14:44,ask_men
liberal education,2023-04-17 02:10:30,ask_men
"What‚Äôs the blandest, non-sexual compliment you got that you are still overly proud of?",2023-04-17 02:07:37,ask_men
What do guys feel about the quiet shy mysterious girls ?,2023-04-17 02:05:54,ask_men
Should I walk out of my part time job as a college student? Will it affect employment when I eventually get a degree and get a job I actually care about?,2023-04-17 01:51:03,ask_men
What is he thinking?,2023-04-17 01:46:11,ask_men
What's something from your past that you feel like you should be over by now but it still bothers you?,2023-04-17 01:17:20,ask_men
Do you have any tips for going to a psychological university?,2023-04-17 01:16:11,ask_men
Y' all be eating p***y on your knees or do you lay on your stomach like a sniper,2023-04-17 01:15:43,ask_men
Do women get turned on from riding a bicycle?,2023-04-17 01:15:36,ask_men
Am I gay?,2023-04-17 01:14:06,ask_men
Is this new breed of modern psychologist really kind of a douche bag?,2023-04-17 01:14:05,ask_men
What do you think about modern self-help psychologists?,2023-04-17 01:12:24,ask_men
Am I gay after sucking my own dick?,2023-04-17 01:11:30,ask_men
"Realistically, what would be your reaction if someone spit on your mother or wife's face?",2023-04-17 01:10:23,ask_men
Does anybody out there think Jordan Peterson is full of shit?,2023-04-17 01:08:35,ask_men
Why do you carry ALL the bags when coming home from groceries or whatever?,2023-04-17 00:57:56,ask_men
Does it feel good when a woman queefs during sex?,2023-04-17 00:57:27,ask_men
How do I deal with my anxiety as a man,2023-04-17 00:53:59,ask_men
I pee sitting down hair because it's more convenient and i don't have to hang on to my dong.,2023-04-17 00:51:19,ask_men
"Men who have moved cities for work, how did you establish yourself in your new city?",2023-04-17 00:49:33,ask_men
Where can I find shorts that don‚Äôt display my junk to the world?,2023-04-17 00:43:37,ask_men
anyone have a working link to the 4chan /fit/ sticky?,2023-04-17 00:10:34,ask_men
Can I build you a free website?,2023-04-16 23:46:43,ask_men
Why do some men give women a lot of attention?,2023-04-16 23:40:35,ask_men
Reconnecting with Distant Cousins,2023-04-16 23:25:45,ask_men
what is the correct way to deal with your partner asking/telling you about a kink or fantasy that makes you feel uncomfortable,2023-04-16 23:22:26,ask_men
"What are some thoughts on the quote ? "" A man should be judged not by his money but rather what he does when he has none """,2023-04-16 23:16:35,ask_men
What is a (non sexual) thing that you prefer others not help you with?,2023-04-16 23:09:53,ask_men
Should a man/young adult take the time to see how his seed tastes? Benefits? Shameful?,2023-04-16 23:09:37,ask_men
"Those of you who have gotten back with an ex who dumped you, how did it happen?",2023-04-16 23:04:07,ask_men
Why do women buy clothes and food for men?,2023-04-16 23:00:40,ask_men
"Why do some women buy for men? Buy clothes, pay for lunch on a date?",2023-04-16 22:58:35,ask_men
"Men from reddit, what are the unspoken rules for successful marriage?",2023-04-16 22:38:54,ask_men
Is it normal for your pp to dip into the water when you sit down on the toilet,2023-04-16 22:33:17,ask_men
"If you see someone doing something inappropriate on public transportation, would you step in?",2023-04-16 22:30:44,ask_men
Should I MC at this wedding?,2023-04-16 22:29:27,ask_men
Gf said she hurt her jaw eating a big burger and cant give me head,2023-04-16 22:22:50,ask_men
"Stuntmen, tell us your funny stories that have happened to you on film sets / projects.",2023-04-16 22:21:46,ask_men
"Friend has feelings for me, I'm not sure what to do",2023-04-16 22:16:54,ask_men
"No specific topic, what is some great advice?",2023-04-16 22:16:06,ask_men
I‚Äôm 15 and just hit puberty. I have grown 5 inches in the last year and around 6ft tall. I have huge hands and feet. The only thing that hasn‚Äôt grown‚Ä¶ my penis. Only 4 inches erect. Will it keep growing?,2023-04-16 22:10:28,ask_men
"[22M] I‚Äôm a straight guy who gets along better with girls as friends, and this seems to negatively affect my ability to form romantic bonds. What‚Äôs your advice for someone who is attracted to girls, but is viewed socially as being ‚Äòone of them?‚Äô",2023-04-16 22:05:15,ask_men
What's the most harmful thing most men do without realizing how harmful it is?,2023-04-16 21:56:54,ask_men
Fathers: What do you wish women knew in regards to discipline when raising boys to become men?,2023-04-16 21:48:11,ask_men
What would you do if your girlfriend says ‚Äúthat guy is so fine‚Äù while you are in a relationship?,2023-04-16 21:47:52,ask_men
Can men really change?,2023-04-16 21:45:53,ask_men
"When did you realized, after many goodbyes, that you were at fault all along?",2023-04-16 21:44:32,ask_men
What's the best gift you've received from a woman?,2023-04-16 21:32:18,ask_men
How has your attraction type to women changed as you‚Äôve grown up?,2023-04-16 21:31:31,ask_men
One more inch in height or one more inch in the length of your johnson? Which would you choose?,2023-04-16 21:30:06,ask_men
Volunteering,2023-04-16 21:20:19,ask_men
How can you improve your personality so you can attract friends and potential partners?,2023-04-16 21:16:46,ask_men
What are possible reasons for men to lie about watching porn?,2023-04-16 21:12:03,ask_men
What is the average time you need for second round?,2023-04-16 21:09:31,ask_men
Good practical gifts for men,2023-04-16 21:04:44,ask_men
How did you end up in your present job/ career?,2023-04-16 21:03:33,ask_men
"Men, when you‚Äôre finishing while having sex what‚Äôs something better to say than ‚ÄúI‚Äôm cumming‚Äù?",2023-04-16 20:57:16,ask_men
How do you convince a clingy friend that you want to hang out less?,2023-04-16 20:56:57,ask_men
Can racisms really be deal with,2023-04-16 20:54:35,ask_men
How soon do you delete your ex‚Äôs details?,2023-04-16 20:53:14,ask_men
Why are men inherently not good parents ?,2023-04-16 20:49:57,ask_men
What‚Äôs your favorite Taylor Swift song (s)?,2023-04-16 20:48:05,ask_men
Do you think it‚Äôs offensive or reasonable for a girl to only feel comfortable having male friends who are gay? Why?,2023-04-16 20:47:31,ask_men
"fellas is it weird for me, a trans masc person, to pee in the closed/private stall??",2023-04-16 20:43:47,ask_men
What would you want for your birthday?,2023-04-16 20:41:40,ask_men
How to help my boyfriend who has lost his mom recently?,2023-04-16 20:40:51,ask_men
(44yo) Can you provide helpful routines or tips to sustain smelling nicely for an entire day?,2023-04-16 20:38:19,ask_men
Why would a man only last 10-30 seconds at most?,2023-04-16 20:36:56,ask_men
How would/do you handle your kid‚Äôs dating and sex life?,2023-04-16 20:33:51,ask_men
Mugs,2023-04-16 20:33:48,ask_men
"Gentlemen, how would you feel if you were called a ‚Äúsnack‚Äù by your wife or girlfriend?",2023-04-16 20:29:32,ask_men
What do you think girl friends do that you wish you and your guy friends could do as easily?,2023-04-16 20:26:02,ask_men
Do you feel that if you don't compromise for ladies you're destined to be alone?,2023-04-16 20:24:13,ask_men
When did you know your significant other was the one?,2023-04-16 20:24:04,ask_men
Would you care?,2023-04-16 20:23:00,ask_men
What could this emoji mean?,2023-04-16 20:22:54,ask_men
i have an assignment for a class I'm taking where I need to ask someone over the age of 50 these questions,2023-04-16 20:12:10,ask_men
How do you find the strength/energy to deal with everyday life?,2023-04-16 20:09:46,ask_men
Does not texting for a week and rarely texting first mean he‚Äôs uninterested?,2023-04-16 20:08:48,ask_men
Does rarely texting first and going a week without texting mean he doesn‚Äôt like me?,2023-04-16 20:04:24,ask_men
Help/Advice on motivation:,2023-04-16 20:02:03,ask_men
How did you avoid loose skin after weight loss?,2023-04-16 19:53:48,ask_men
Do you enjoy road trips?,2023-04-16 19:43:53,ask_men
Why do I have such a fear of abandonment with women?,2023-04-16 19:36:01,ask_men
Do you like girls on hinge or wait for them to like you and pick who you like?,2023-04-16 19:16:54,ask_men
Are dentures on younger women is a turn off?,2023-04-16 19:16:02,ask_men
Does he have feelings or just clingy for some odd reason??,2023-04-16 19:15:44,ask_men
"Men of Reddit, what was that one compliment you got?",2023-04-16 19:13:41,ask_men
"Beautiful woman, but 0 sexual attraction to her",2023-04-16 19:13:37,ask_men
Men of reddit ... Have you ever been in a relationship which is too good to be true but you were constantly paranoid if you were being played or not?,2023-04-16 19:04:15,ask_men
"For those who generally like your job, what is the worst thing about it?",2023-04-16 18:58:05,ask_men
Self improvement - for those willing to help a bro out.,2023-04-16 18:58:00,ask_men
"Fellow men of Reddit, what was a compliment you received ages ago but you still remember till this day?",2023-04-16 18:48:03,ask_men
NSFW intimacy with my boyfriend,2023-04-16 18:44:48,ask_men
What would you do if you found out the bird you're married to used to be a PRO?,2023-04-16 18:41:20,ask_men
Purely scientific curiosity,2023-04-16 18:39:08,ask_men
"Do you consider yourself damaged goods? If yes, why and how (if) did you come to terms with it?",2023-04-16 18:20:03,ask_men
What are your biggest turn-offs and turn-ons?,2023-04-16 18:11:22,ask_men
How do you feel about the Archaf hakimi situation?,2023-04-16 18:01:17,ask_men
3 days since third date,2023-04-16 17:58:02,ask_men
"If Space ninjas attack, What would your plan be",2023-04-16 17:54:53,ask_men
Is cosmetic plastic surgery a deal-breaker? How should a SO broach the topic?,2023-04-16 17:50:28,ask_men
"Fellas, how do you feel about posts like this?",2023-04-16 17:49:47,ask_men
What stops a guy from wanting to have a relationship?,2023-04-16 17:46:00,ask_men
is my bf falling out of love with me?,2023-04-16 17:45:15,ask_men
Do men actually like thick women?,2023-04-16 17:45:12,ask_men
Appropriate expectation when another guy calls your girl a bitch?,2023-04-16 17:42:08,ask_men
Trying to date a friend,2023-04-16 17:39:51,ask_men
Quick field search,2023-04-16 17:30:29,ask_men
How do I get a girlfriend?,2023-04-16 17:21:36,ask_men
I can't think of one,2023-04-16 17:03:11,ask_men
"I'm afraid that my prior choices made a negative, lasting impression on my child. What is the best way to move forward for HER, and am I selfish for wanting relief from my constant guilt?",2023-04-16 17:02:33,ask_men
How do I deal with the constant need to be in a romantic relationship? I'd like to focus on myself.,2023-04-16 16:39:09,ask_men
How does a young man cope with being alone?,2023-04-16 16:36:55,ask_men
What US Senate committee would you want to be a member of?,2023-04-16 16:34:15,ask_men
What healthy boundaries did you set in your relationship?,2023-04-16 16:30:31,ask_men
Ripped off by Drug Dealer,2023-04-16 16:17:09,ask_men
What‚Äôs your least favorite thing about your own country?,2023-04-16 16:17:09,ask_men
Fianc√© more affectionate with dogs,2023-04-16 16:11:23,ask_men
Dating Single Mums,2023-04-16 16:11:23,ask_men
What do men want on the receiving end of communication?,2023-04-16 16:09:05,ask_men
How do you guys know She IS the One for you ?,2023-04-16 16:08:02,ask_men
What are some cute little things a woman can do to make her boyfriend feel loved?,2023-04-16 16:06:39,ask_men
Is it a compliment to be called ‚Äúmature for your age‚Äù?,2023-04-16 16:01:35,ask_men
What are the very annoying(not just inconvenient) things about living in the same house with the people that you live with?,2023-04-16 15:57:20,ask_men
"Men who criticize women who only want tall men, would you date a tall woman yourself?",2023-04-16 15:56:41,ask_men
Too much masturbation?,2023-04-16 15:48:59,ask_men
"Guys , when you are alone in a neighbor or friends house , have youe been tempted or actually did, look through the wifess lingerie drawers? I wonder what Percent of guys do that.",2023-04-16 15:39:03,ask_men
How do you know your no longer attracted to your partner,2023-04-16 15:37:27,ask_men
"Men of reddit , when was the last time someone gave you flowers ?",2023-04-16 15:35:05,ask_men
Replace ONE word in any movie title with the word Penis and what do you come up with?,2023-04-16 15:33:41,ask_men
"37 F 37 M Is this worth trying to save, or is he done?",2023-04-16 15:32:55,ask_men
How do I deal with my breakup?,2023-04-16 15:28:12,ask_men
Tory Lanez v Megan Thee Stallion Case,2023-04-16 15:27:04,ask_men
What do you do if u feel Depress sometimes,2023-04-16 15:22:07,ask_men
Why do many men seem to applaud a minor boy if he sleeps with an older woman but people do the opposite if a minor girl and a man sleep together. Not here for judgment just actually curious.,2023-04-16 15:20:12,ask_men
Young men : If someone thought your age was 15/16 years old would you be upset?,2023-04-16 15:10:37,ask_men
Help finding underwear for my elderly dad?,2023-04-16 15:09:13,ask_men
What is your favorite shape of breasts? I hear men either like small or big or all sizes but I am curious about shape?,2023-04-16 15:03:09,ask_men
Underwear for elderly dad,2023-04-16 14:51:43,ask_men
"Married Men of Reddit: What does it mean, if it means anything at all, when a married man does not let his wife post pictures of them together, doesn‚Äôt wear his ring, and doesn‚Äôt tell coworkers or new acquaintances that he is even married?",2023-04-16 14:51:35,ask_men
Did you always know whether you did or did not want to have kids?,2023-04-16 14:50:46,ask_men
What are you starting to dislike more as you get older?,2023-04-16 14:41:06,ask_men
My boyfriend is super sketchy with his phone.,2023-04-16 14:31:30,ask_men
"Guys, what does it mean when you randomly smile to a girl at work although you‚Äôve never talked to her? To be nice, look approachable or you‚Äôre attracted to her?",2023-04-16 14:29:33,ask_men
"Dear men, what's your opinion on guys and girls being just friends? Is it possible in your experience?",2023-04-16 14:18:47,ask_men
My dad wants me to lose and constantly emasculates me.,2023-04-16 14:16:01,ask_men
When you're stressed do you push your partner away?,2023-04-16 13:58:58,ask_men
How many people have really meant to you in your life?,2023-04-16 13:45:21,ask_men
T-shirt brands with cool designs?,2023-04-16 13:41:51,ask_men
"Men that went clubbing solo, how was your experience?",2023-04-16 13:35:08,ask_men
Do you have a preference in the iq of the type of girl you like? Why/why not?,2023-04-16 13:34:44,ask_men
I just got stood up. Whats the best takeaway message here?,2023-04-16 13:32:48,ask_men
Is it really possible for the fly to be ‚Äútoo narrow‚Äù for a guy to fit his dick through?,2023-04-16 13:10:45,ask_men
"Blokes in the US, What is the most underrated city in America?",2023-04-16 12:54:36,ask_men
What are some good podcasts for young men?,2023-04-16 12:39:24,ask_men
Men how do you deal with jealousy?,2023-04-16 12:36:26,ask_men
"As a man, how would you recommend coping to someone who desperately wishes they were male but can‚Äôt be?",2023-04-16 12:32:39,ask_men
Why does he only fantasize about me with other guys?,2023-04-16 12:29:33,ask_men
Can your attraction to a woman build over time?,2023-04-16 12:28:12,ask_men
"Men of Reddit, how can I keep it PG at the barbershop?",2023-04-16 12:21:28,ask_men
GF doesn‚Äôt let me leave when I drop her off! Takes hours to say goodbye. Home at 5am again over it,2023-04-16 12:13:10,ask_men
"If your long term partner has an increasingly debilitating disease with no cure and an issue ‚Äúdown there‚Äù that makes sex at best uncomfortable and at worse very painful, what would be your expectations around sex?",2023-04-16 12:06:14,ask_men
Do men who live with their partners still masturbate and watch porn? Or is this something that you stopped doing as soon as you moved in with your partner?,2023-04-16 11:49:34,ask_men
What's cool about Gen Z?,2023-04-16 11:41:01,ask_men
Should i check out the job or is this definitely creepy?,2023-04-16 11:38:57,ask_men
What‚Äôs the reason you stopped going to church?,2023-04-16 11:33:00,ask_men
Why do you leave those stickers on baseball caps?,2023-04-16 11:20:25,ask_men
"Those of you who take forever in the toilet, what are you up to in there?",2023-04-16 11:18:47,ask_men
Do you feel attractive to the ladies?,2023-04-16 11:09:06,ask_men
Opinions on electric shavers?,2023-04-16 11:07:15,ask_men
Worth investing $ buying an electric shaver or continue with razor?,2023-04-16 11:05:03,ask_men
Worth paying $ for an electric shaver over a normal razor?,2023-04-16 10:58:45,ask_men
Hello to all of you.,2023-04-16 10:50:48,ask_men
"Men, what are your thoughts about voice coaching?",2023-04-16 10:44:15,ask_men
"Men who have brothers: how close are you with them, and why?",2023-04-16 10:38:37,ask_men
What would you think of your girlfriend if she often initiated oral sex?,2023-04-16 09:52:35,ask_men
Fellas who do you look up to ??,2023-04-16 09:30:23,ask_men
how would you feel if a girl confesses her feelings to you by giving a handwritten letter and says she doesn't expect you to reciprocate it?,2023-04-16 08:49:58,ask_men
How do I stop oversharing stuff with everyone?,2023-04-16 08:49:52,ask_men
How does a man act when they are cheating?,2023-04-16 08:48:50,ask_men
Would you support a family member in their religious endeavors?,2023-04-16 08:46:57,ask_men
Supporting family in their religious endeavors,2023-04-16 08:43:48,ask_men
What are some of the essential skin care routine for men?,2023-04-16 08:33:53,ask_men
Why do you guys sometimes don't see physical flaws in women until they mention them to you?,2023-04-16 08:31:18,ask_men
"Why do you guys don't see certain physical flaws in women until they mention them to you? For example, my boyfriend never realized that I'm missing part of my brow until I told him",2023-04-16 08:30:16,ask_men
What an i doing tracting creepy gay men,2023-04-16 08:17:43,ask_men
"He (m,20) is always asking me(f,26) to pay for everything",2023-04-16 08:10:40,ask_men
What to do when you don't want to attend your friend's marriage who you've dated for a short time?,2023-04-16 08:10:20,ask_men
Ghosted and very confused,2023-04-16 07:32:28,ask_men
What‚Äôs the strangest thing you‚Äôve used to masturbate with?,2023-04-16 07:30:01,ask_men
Loving someone's affection rather than the person,2023-04-16 07:23:16,ask_men
When did you realize your bar was low for women?,2023-04-16 07:16:04,ask_men
"Men of Reddit, what is your craziest dorm story? Potentially NSFW",2023-04-16 06:58:52,ask_men
Are porn chat rooms/cam girls different than porn?,2023-04-16 06:50:28,ask_men
Husband uses porn chat rooms/cam girls. Male advice?,2023-04-16 06:49:09,ask_men
Husband using porn chat rooms/cam girls? Should I be upset?,2023-04-16 06:45:09,ask_men
"Former smokers/vapers,how do you deal with urges when drinking?",2023-04-16 06:40:21,ask_men
How do men really feel about women making the first move?,2023-04-16 06:36:41,ask_men
Help catching him,2023-04-16 06:28:28,ask_men
How prepared are you in the event a home invader breaks into your house?,2023-04-16 06:27:40,ask_men
Husband using porn chat rooms/cam girls? Should I be upset?,2023-04-16 06:20:30,ask_men
"Dear men, how would you react if you come to know that the woman you‚Äôve been having good conversations with online is actually unattractive?",2023-04-16 06:12:08,ask_men
Get Your $100 McDonalds Gift Card Now,2023-04-16 06:07:03,ask_men
"Men, an example of an overreaction or not ?",2023-04-16 05:51:30,ask_men
How can I (F21) mend my relationship with my boyfriend (M20) after years of distrust? (Seeking male perspective),2023-04-16 05:26:55,ask_men
"Last night, my gf had a spontaneous abortion after trying for more than two years. In the panic she lost her engagement ring. How the hell do I keep on going?",2023-04-16 05:25:33,ask_men
Do majority of men actually prefer big breasted women? Do any men genuinely prefer smaller breasts?,2023-04-16 05:20:05,ask_men
Am I the problem in my relationship?,2023-04-16 05:17:55,ask_men
My family and friends make it almost impossible for me to pursue relationships with my kind of girls,2023-04-16 05:04:47,ask_men
Signs he is seeing me only because he feels bad?,2023-04-16 04:56:53,ask_men
How should a woman be able to tell if you are single or welcoming to being flirted with?,2023-04-16 04:48:52,ask_men
"Has anyone experienced a really awful sleep pattern, if so how did you fix it?",2023-04-16 04:48:48,ask_men
What is your ideal girlfriend?,2023-04-16 04:41:09,ask_men
What/How do you feel when a girl gives you flowers?,2023-04-16 04:36:21,ask_men
Why is it easier for men to ignore your calls than ignore a woman in person ?,2023-04-16 04:33:47,ask_men
Best Response to Strangers Laughing at you?,2023-04-16 04:22:26,ask_men
I (19F) need a little insight on what I should do in this situation I‚Äôm having with my (20M) partner.,2023-04-16 04:18:54,ask_men
Have fun with me üòà,2023-04-16 04:11:53,ask_men
What do you think about when you‚Äôre trying to go to bed?,2023-04-16 04:07:53,ask_men
How do I start over at 34 after losing everything?,2023-04-16 03:38:25,ask_men
"Men who don‚Äôt struggle with mental illness, is having a partner who struggles with depression, anxiety or other mental disorders a turn off for you? If so, could you explain why?",2023-04-16 03:20:26,ask_men
What is your biggest insecurity in a relationship and how do you deal with it?,2023-04-16 03:18:56,ask_men
"How have you men, who have struggled in your 20s, come to acceptance of unattained expectations?",2023-04-16 03:11:47,ask_men
How do you view those who didn't have to work as hard as you to get the same things because of familial wealth or over all privilege?,2023-04-16 03:06:49,ask_men
How do you feel about subscribing to women‚Äôs‚Äô OnlyFans accounts? Genuinely curious if more men hate it vs enjoy it.,2023-04-16 03:05:17,ask_men
"For those men that dated a stripper, what was your experience? Does it ever last?",2023-04-16 02:33:30,ask_men
What would you do if you came home from a long day of work and you see your wife Having sex in y‚Äôall‚Äôs bed?,2023-04-16 02:32:32,ask_men
Men. What ways has your significant other disrespected you? How did you resolve it?,2023-04-16 02:24:32,ask_men
What are some things you do *subconsciously* when you‚Äôre attracted to a woman?,2023-04-16 02:24:25,ask_men
How do you feel about weddings?,2023-04-16 02:03:59,ask_men
Would you stop having sex with someone you had previously been in a casual relationship with?,2023-04-16 02:01:43,ask_men
"What are your feelings on those who didn't have to work hard or had things ""handed to them"" because of familial wealth, name, background, etc.?",2023-04-16 01:57:10,ask_men
Does your girlfriend obsess over the sent of your genitals?,2023-04-16 01:54:35,ask_men
Why don't men have to worry about their female friends developing feelings for them?,2023-04-16 01:44:49,ask_men
How long did it take y‚Äôall to get over your ex girlfriend,2023-04-16 01:43:24,ask_men
"Have you all hurd the new song from dax called ""To be a man""?",2023-04-16 01:42:13,ask_men
What do you consider the best UK accent?,2023-04-16 01:41:59,ask_men
Would you marry someone who admitted they cheated before? why or why not,2023-04-16 01:38:17,ask_men
Is this weird? Should i give the job a try or not?,2023-04-16 01:36:30,ask_men
How do I handle this?,2023-04-16 01:32:55,ask_men
What were the greatest revelations of post nut clarity?,2023-04-16 01:27:00,ask_men
What is something that made you instantly regret not treating your girlfriend better?,2023-04-16 01:14:35,ask_men
A random girl slaps while you're out with your wife or gf. How do you expect your wife or gf to react?,2023-04-16 01:08:15,ask_men
